,CN,SaI,JI,SoI,HPI,HDI,LHN1,PAI,AAI,RAI
karate club,0.6999075717243419,0.6361431529133392,0.6068286010056196,0.6068286010056196,0.7122763235729075,0.592640860692103,0.5999223602484471,0.7116256285122745,0.7255952380952382,0.7333961845607808
pajek football,0.6620640365923385,0.588845213137666,0.587198240264278,0.587198240264278,0.6001175274760181,0.578401149863414,0.49088288545835723,0.754943300933867,0.6586152404548631,0.6526546915697858
pajek_us_air,0.9348960951104285,0.90856049329802,0.8980300677706154,0.8980300677706154,0.8700764884686514,0.8916439313338062,0.7676588958143805,0.8869466138070425,0.9458534933246181,0.9517520379684894
pajek netscience,0.9401650871288811,0.9403135670832725,0.9402690418043285,0.9402690418043285,0.9401996944343939,0.9402209825008144,0.9399409769884972,0.6791407342913793,0.9404585019509936,0.9404727208856254
