,KI,LHN2,ACT,CBL,MFI
karate club,0.7551907719609583,0.6103922245226593,0.6659790002957705,0.7387366903283052,0.7486801242236025
pajek football,0.7245981830887491,0.5214839318612904,0.7476812146623467,0.5752350549520361,0.6799822120576838
pajek_us_air,0.9196847828952525,,0.8924685247815566,0.9125803411566731,0.9134947135721916
