,KI,LHN2,ACT,CBL,RWR,MFI,LPI,LRW,SRW
newman adjnoun,0.7138032954102798,0.5486333855585661,0.7421744714800701,0.5861325369702441,0.7376595752411472,0.6674974991743594,0.7110110095609847,0.5037059883850011,0.5042387775509138
newman celegansneural,0.8516405496134596,0.716973022855312,0.7382470000250783,0.8480045086934711,0.7245075709842942,0.8652056774605065,0.8601379770069869,0.5207104947702679,0.5208004958374413
newman dolphins,0.7986552155504234,0.8252030408006158,0.7595870621632025,0.7906928406466512,0.6486429464973057,0.804328449769053,0.798704412047729,0.3876166762894534,0.38790884815242493
newman football,0.8565713584925744,0.8789442221395933,0.5877865817658127,0.8847270174350645,0.2727042154007334,0.8784566204136907,0.8583129915643214,0.5267247347486126,0.5222985733231924
newman lesmis,0.8839686492399815,0.8132269115614924,0.8625507542607093,0.8248193804698296,0.7936311895439889,0.8671042434362045,0.8954799055734683,0.35059376439428835,0.34936368608935975
newman polbooks,0.8909847176688179,0.8580692006738031,0.728526749865662,0.8905543278974241,0.6180797615525648,0.8985422012514063,0.8957602876745134,0.6154077837550641,0.6161599105218352
karate club,0.7551907719609583,0.6103922245226593,0.6659790002957705,0.7387366903283052,0.6180512422360248,0.7486801242236025,0.7674597012718131,0.7351282904466134,0.7355848861283644
pajek_us_air,0.9196847828952525,,0.8924685247815566,0.9125803411566731,0.8620148419426898,0.9134947135721916,0.9262679407084846,0.45958260228607467,0.45970754623485577
