,CN,SaI,JI,SoI,HPI,HDI,LHN1,PAI,AAI,RAI
newman adjnoun,0.6621434040640065,0.6058494029667221,0.6034426630623415,0.6034426630623415,0.6184014537011168,0.6028273863307576,0.5656769736443288,0.7438426048898192,0.6616368709378914,0.6590714760923745
newman celegansneural,0.8439850989668214,0.7971594519440482,0.789971099577722,0.789971099577722,0.8045740395719644,0.7790092690835027,0.725389494760744,0.7500792577215988,0.8611119426222921,0.8660680212709794
newman dolphins,0.7794549894149345,0.7743807736720554,0.7785771506928406,0.7785771506928406,0.7632138904926867,0.7806666185527329,0.7620547055427253,0.6191246872594303,0.7814509959584295,0.7807271218244803
newman football,0.8459449898285222,0.8575280950474721,0.8578866398631153,0.8578866398631153,0.8555108112779253,0.857383982053914,0.8594824511971089,0.2698020357551163,0.845795336765892,0.8457546873434207
newman lesmis,0.9108103408567481,0.8821812816674344,0.8797100126669738,0.8797100126669738,0.8474495336250575,0.8781894288346385,0.8202709580838323,0.7764029537079686,0.9183596844771993,0.9187329859511746
newman polbooks,0.8872075909523609,0.8844446054487897,0.8753190250784393,0.8753190250784393,0.8942839533006899,0.8630749565791407,0.8479565982599455,0.6532483280705037,0.897115119113027,0.8997595400105862
karate club,0.6999075717243419,0.6361431529133392,0.6068286010056196,0.6068286010056196,0.7122763235729075,0.592640860692103,0.5999223602484471,0.7116256285122745,0.7255952380952382,0.7333961845607808
pajek_us_air,0.934056465437885,0.9079395350315549,0.8974062795024619,0.8974062795024619,0.8692544443053052,0.8907935009531851,0.7669530004554199,0.8853122248274643,0.9453305544858768,0.9512367519512231
